{
  "policy": {
    "difficulty": 27,
    "feature_policy": {
      "cut_percent_by_feature_policy": 69.792,
      "feature_count": 96,
      "gpu_rows_per_sec": 17852502.2,
      "gpu_rows_processed": 27525120,
      "gpu_seconds": 1.541807,
      "kept_features": 29,
      "last_keep_mean": 0.295304,
      "last_loss": 14.73304653,
      "last_preserve_loss": 13.19915009,
      "raw_keep_scores": [
        0.8438399434089661,
        0.8438183069229126,
        0.8438261151313782,
        0.8438243269920349,
        0.8456681966781616,
        0.8456783294677734,
        0.7075952291488647,
        0.8457338809967041,
        0.8456984162330627,
        0.845439612865448,
        0.845390260219574,
        0.8453805446624756,
        0.8486433029174805,
        0.845385730266571,
        0.8453991413116455,
        0.8461318612098694,
        0.8460891842842102,
        0.8461154103279114,
        0.8459811806678772,
        0.8458916544914246,
        0.8459885716438293,
        0.8458377122879028,
        0.8458520770072937,
        0.8456012010574341,
        0.8458345532417297,
        0.845824122428894,
        0.15602724254131317,
        0.15578246116638184,
        0.15600159764289856,
        0.15596136450767517,
        0.15596657991409302,
        0.8435760736465454,
        0.062329210340976715,
        0.8430729508399963,
        0.8430622816085815,
        0.06260550767183304,
        0.06303409487009048,
        0.06263512372970581,
        0.06317059695720673,
        0.06293343752622604,
        0.06371734291315079,
        0.06334546208381653,
        0.06254470348358154,
        0.06344744563102722,
        0.06296495348215103,
        0.0635974109172821,
        0.06273756921291351,
        0.06373616307973862,
        0.0634559690952301,
        0.06336535513401031,
        0.06326016783714294,
        0.06288474798202515,
        0.06290023773908615,
        0.06320983171463013,
        0.06294568628072739,
        0.062445033341646194,
        0.06330809742212296,
        0.06282608956098557,
        0.06271449476480484,
        0.06310112029314041,
        0.0631316527724266,
        0.06305117905139923,
        0.06280555576086044,
        0.06292138993740082,
        0.06345777213573456,
        0.06267207115888596,
        0.0633634701371193,
        0.0631008967757225,
        0.06238438934087753,
        0.06317438185214996,
        0.06252553313970566,
        0.06304669380187988,
        0.06371913105249405,
        0.0639878362417221,
        0.06323127448558807,
        0.06349865347146988,
        0.06288111209869385,
        0.0629965290427208,
        0.06343693286180496,
        0.06339208781719208,
        0.0626794695854187,
        0.06293163448572159,
        0.06338021159172058,
        0.06362989544868469,
        0.06327230483293533,
        0.06280165165662766,
        0.06302983313798904,
        0.06330816447734833,
        0.06298576295375824,
        0.06312068551778793,
        0.06354372203350067,
        0.06250833719968796,
        0.0627887025475502,
        0.06310609728097916,
        0.06308743357658386,
        0.06292776018381119
      ],
      "top_dropped": [
        {
          "drop_score": 0.937671,
          "index": 32,
          "keep_score": 0.062329,
          "name": "xeno"
        },
        {
          "drop_score": 0.937616,
          "index": 68,
          "keep_score": 0.062384,
          "name": "feature_68"
        },
        {
          "drop_score": 0.937555,
          "index": 55,
          "keep_score": 0.062445,
          "name": "feature_55"
        },
        {
          "drop_score": 0.937492,
          "index": 91,
          "keep_score": 0.062508,
          "name": "feature_91"
        },
        {
          "drop_score": 0.937474,
          "index": 70,
          "keep_score": 0.062526,
          "name": "feature_70"
        },
        {
          "drop_score": 0.937455,
          "index": 42,
          "keep_score": 0.062545,
          "name": "feature_42"
        },
        {
          "drop_score": 0.937394,
          "index": 35,
          "keep_score": 0.062606,
          "name": "feature_35"
        },
        {
          "drop_score": 0.937365,
          "index": 37,
          "keep_score": 0.062635,
          "name": "feature_37"
        },
        {
          "drop_score": 0.937328,
          "index": 65,
          "keep_score": 0.062672,
          "name": "feature_65"
        },
        {
          "drop_score": 0.937321,
          "index": 80,
          "keep_score": 0.062679,
          "name": "feature_80"
        },
        {
          "drop_score": 0.937286,
          "index": 58,
          "keep_score": 0.062714,
          "name": "feature_58"
        },
        {
          "drop_score": 0.937262,
          "index": 46,
          "keep_score": 0.062738,
          "name": "feature_46"
        },
        {
          "drop_score": 0.937211,
          "index": 92,
          "keep_score": 0.062789,
          "name": "feature_92"
        },
        {
          "drop_score": 0.937198,
          "index": 85,
          "keep_score": 0.062802,
          "name": "feature_85"
        },
        {
          "drop_score": 0.937194,
          "index": 62,
          "keep_score": 0.062806,
          "name": "feature_62"
        },
        {
          "drop_score": 0.937174,
          "index": 57,
          "keep_score": 0.062826,
          "name": "feature_57"
        },
        {
          "drop_score": 0.937119,
          "index": 76,
          "keep_score": 0.062881,
          "name": "feature_76"
        },
        {
          "drop_score": 0.937115,
          "index": 51,
          "keep_score": 0.062885,
          "name": "feature_51"
        }
      ],
      "top_kept": [
        {
          "drop_score": 0.151357,
          "index": 12,
          "keep_score": 0.848643,
          "name": "slotted"
        },
        {
          "drop_score": 0.153868,
          "index": 15,
          "keep_score": 0.846132,
          "name": "relic"
        },
        {
          "drop_score": 0.153885,
          "index": 17,
          "keep_score": 0.846115,
          "name": "core"
        },
        {
          "drop_score": 0.153911,
          "index": 16,
          "keep_score": 0.846089,
          "name": "awakening"
        },
        {
          "drop_score": 0.154011,
          "index": 20,
          "keep_score": 0.845989,
          "name": "blocker"
        },
        {
          "drop_score": 0.154019,
          "index": 18,
          "keep_score": 0.845981,
          "name": "shard"
        },
        {
          "drop_score": 0.154108,
          "index": 19,
          "keep_score": 0.845892,
          "name": "resonance"
        },
        {
          "drop_score": 0.154148,
          "index": 22,
          "keep_score": 0.845852,
          "name": "uptime"
        },
        {
          "drop_score": 0.154162,
          "index": 21,
          "keep_score": 0.845838,
          "name": "cooldown"
        },
        {
          "drop_score": 0.154165,
          "index": 24,
          "keep_score": 0.845835,
          "name": "duration"
        },
        {
          "drop_score": 0.154176,
          "index": 25,
          "keep_score": 0.845824,
          "name": "seconds"
        },
        {
          "drop_score": 0.154266,
          "index": 7,
          "keep_score": 0.845734,
          "name": "dps"
        },
        {
          "drop_score": 0.154302,
          "index": 8,
          "keep_score": 0.845698,
          "name": "crit"
        },
        {
          "drop_score": 0.154322,
          "index": 5,
          "keep_score": 0.845678,
          "name": "multiplier"
        },
        {
          "drop_score": 0.154332,
          "index": 4,
          "keep_score": 0.845668,
          "name": "damage"
        },
        {
          "drop_score": 0.154399,
          "index": 23,
          "keep_score": 0.845601,